AlphaFold_ID	Chainsaw	Merizo	UniDoc
AF-A0A2R8YEH3-F1-model_v4	10-304	11-189_283-307,190-282	
AF-A1L157-F1-model_v4	1-119_208-252,120-194	1-118_221-253,119-220	
AF-A6NKD2-F1-model_v4	52-154,158-287	156-290	
AF-O75821-F1-model_v4	17-108,145-185,232-314	16-31_48-125,236-320	
AF-P02647-F1-model_v4	1-265	67-126,127-264	
AF-P31946-F1-model_v4	5-238	1-139,140-235	
AF-P42574-F1-model_v4	43-268	44-167_188-277	
AF-Q5VST6-F1-model_v4	35-284	78-288	
AF-Q6P2I7-F1-model_v4	1-48,100-160,176-270	1-39,99-272	
AF-Q6P9F5-F1-model_v4	24-104,105-250	12-69,70-131,132-155_181-225	
AF-Q6PID6-F1-model_v4	38-188,209-244	41-189	
AF-Q7RTY3-F1-model_v4	8-100_226-238,114-224	1-101_220-237,102-219	
AF-Q7Z4M0-F1-model_v4	18-147,207-262	17-32_49-150	
AF-Q8NGE8-F1-model_v4	11-313	9-191,192-296	
AF-Q8NH60-F1-model_v4	13-309	15-110_135-148_169-193,111-134_149-168_194-311	
AF-Q9BUN8-F1-model_v4	3-194	1-213	
AF-Q9BZM5-F1-model_v4	1-24_215-242,31-205	30-203	
AF-Q9NPI5-F1-model_v4	2-198	1-200	
AF-Q9NYW2-F1-model_v4	4-307	1-148,149-160_176-309	
AF-Q9Y576-F1-model_v4	20-311_319-333	37-174,191-267_279-335	
