AF-A1L157-F1-model_v4	119-215,102-118_216-233,28-73,1-27_74-101_234-253
AF-P31946-F1-model_v4	58-91,1-57,92-162,163-246
AF-Q8NGE8-F1-model_v4	1-38_74-113_151-211_248-283,114-150_212-247,39-73_284-314
AF-Q5VST6-F1-model_v4	1-164,165-288
AF-Q6P2I7-F1-model_v4	1-272
AF-Q9BUN8-F1-model_v4	1-214,215-251
AF-Q6PID6-F1-model_v4	93-189,1-34,35-92,190-228,229-262
AF-Q9NYW2-F1-model_v4	1-201_237-309,202-236
AF-Q9Y576-F1-model_v4	1-143,144-295,296-335
AF-A6NKD2-F1-model_v4	1-155,156-308
AF-O75821-F1-model_v4	17-91,1-16_92-122,123-154,155-193,194-230,231-320
AF-P42574-F1-model_v4	1-277
AF-A0A2R8YEH3-F1-model_v4	1-307
AF-Q7Z4M0-F1-model_v4	158-266,1-157
AF-Q8NH60-F1-model_v4	19-91_209-212_253-311,116-153_213-252,1-18_92-115_154-208
AF-Q7RTY3-F1-model_v4	1-260
AF-Q9BZM5-F1-model_v4	31-206,1-30,207-246
AF-Q9NPI5-F1-model_v4	1-230
AF-P02647-F1-model_v4	1-30,31-88,89-122,123-153,154-185,186-229,230-267
AF-Q6P9F5-F1-model_v4	111-143_188-258,1-66,144-187,67-110
